الشهر;سنة;المدينة;ذكور;أناث;داخل المدينه;خارج المدينه;أقل من 18;من18 إلى 30;من 30 على 40;من40إلى50;من50فأكثر;سعودى;غير سعودى;المصابين;المتوفين
1;1439;الرياض;95;5;54;46;9;38;27;12;14;46;54;0;1
2;1439;الرياض;93;5;57;41;9;38;25;14;12;46;52;0;1
3;1439;الرياض;94;11;49;56;22;13;35;24;11;59;46;0;1
4;1439;الرياض;85;6;46;45;29;22;19;13;8;49;42;0;1
5;1439;الرياض;95;1;51;45;15;35;26;12;8;52;44;0;1
6;1439;الرياض;89;7;47;49;35;33;10;13;5;41;55;0;1
7;1439;الرياض;67;16;34;49;22;19;29;9;4;44;39;0;1
8;1439;الرياض;66;9;28;47;11;23;20;14;7;42;33;0;1
9;1439;الرياض;75;7;42;40;12;28;25;12;5;34;48;0;1
10;1439;الرياض;92;8;52;48;21;40;19;15;5;55;45;0;1
11;1439;الرياض;60;5;20;45;13;21;15;9;7;28;37;0;1
12;1439;الرياض;93;7;43;57;16;37;29;8;10;53;47;0;1
1;1439;المدينه المنوره;37;6;12;31;5;8;9;11;10;23;20;0;1
2;1439;المدينه المنوره;36;9;20;25;5;9;11;7;13;15;30;0;1
3;1439;المدينه المنوره;27;9;7;29;2;5;11;8;10;18;18;0;1
4;1439;المدينه المنوره;37;5;11;31;4;10;13;8;7;29;13;0;1
5;1439;المدينه المنوره;16;5;9;12;2;5;6;4;4;7;14;0;1
6;1439;المدينه المنوره;29;7;11;25;6;11;7;6;6;21;15;0;1
7;1439;المدينه المنوره;25;10;2;33;6;9;8;5;7;15;20;0;1
8;1439;المدينه المنوره;19;4;7;16;6;11;5;1;0;10;13;0;1
9;1439;المدينه المنوره;60;13;11;62;12;17;16;14;14;25;48;0;1
10;1439;المدينه المنوره;49;6;10;45;8;15;14;9;9;25;30;0;1
11;1439;المدينه المنوره;26;13;10;29;7;13;7;4;8;13;26;0;1
12;1439;المدينه المنوره;29;6;4;31;5;13;7;5;5;14;21;0;1
1;1439;الشرقيه;58;4;15;47;6;23;16;10;7;34;28;0;1
2;1439;الشرقيه;65;4;23;46;6;26;19;8;10;35;34;0;1
3;1439;الشرقيه;54;4;17;41;4;19;14;12;9;35;23;0;1
4;1439;الشرقيه;67;12;23;56;11;29;22;7;10;43;36;0;1
5;1439;الشرقيه;36;4;13;27;3;12;11;5;9;22;18;0;1
6;1439;الشرقيه;35;7;11;31;6;14;13;5;4;25;17;0;1
7;1439;الشرقيه;50;3;19;34;4;23;7;7;12;29;24;0;1
8;1439;الشرقيه;58;2;16;44;7;22;11;12;8;42;18;0;1
9;1439;الشرقيه;51;2;10;43;3;23;14;5;8;22;31;0;1
10;1439;الشرقيه;47;8;19;36;2;27;15;5;6;31;24;0;1
11;1439;الشرقيه;43;2;12;33;7;14;11;8;5;22;23;0;1
12;1439;الشرقيه;43;2;11;34;7;14;11;9;4;24;21;0;1
1;1439;الحدود الشماليه;5;1;5;1;1;1;2;0;2;2;4;0;1
2;1439;الحدود الشماليه;5;0;2;3;1;1;1;0;2;3;2;0;1
3;1439;الحدود الشماليه;9;0;4;5;2;1;4;1;1;7;2;0;1
4;1439;الحدود الشماليه;7;1;2;6;2;3;1;1;1;6;2;0;1
5;1439;الحدود الشماليه;5;0;1;4;0;3;1;1;0;3;2;0;1
6;1439;الحدود الشماليه;2;1;2;1;1;0;1;0;1;3;0;0;1
7;1439;الحدود الشماليه;8;2;9;1;4;2;2;1;1;4;6;0;1
8;1439;الحدود الشماليه;6;1;2;5;1;0;3;1;2;5;2;0;1
9;1439;الحدود الشماليه;4;0;0;4;2;2;0;0;0;4;0;0;1
10;1439;الحدود الشماليه;2;0;1;1;0;0;2;0;0;1;1;0;1
11;1439;الحدود الشماليه;8;0;1;7;0;7;1;0;0;8;0;0;1
12;1439;الحدود الشماليه;6;2;2;6;2;1;3;1;1;5;3;0;1
1;1439;تبوك;22;2;5;19;2;12;3;2;5;20;4;0;1
2;1439;تبوك;22;1;10;13;3;13;1;2;4;18;5;0;1
3;1439;تبوك;25;9;6;28;7;11;8;3;5;29;5;0;1
4;1439;تبوك;20;1;5;16;1;7;6;2;5;16;5;0;1
5;1439;تبوك;26;4;6;24;5;13;6;5;1;21;9;0;1
6;1439;تبوك;15;1;1;15;1;4;6;5;0;10;6;0;1
7;1439;تبوك;17;2;3;16;0;11;4;0;4;11;8;0;1
8;1439;تبوك;18;1;3;16;3;9;2;1;4;17;2;0;1
9;1439;تبوك;35;5;5;35;6;15;11;2;6;26;14;0;1
10;1439;تبوك;24;4;3;25;3;10;8;5;2;25;3;0;1
11;1439;تبوك;17;4;2;19;3;5;7;4;2;10;11;0;1
12;1439;تبوك;15;3;2;16;2;4;5;4;3;14;4;0;1
1;1439;الجوف;8;0;4;4;1;4;1;2;0;4;4;0;1
2;1439;الجوف;9;0;5;4;2;4;3;0;0;9;0;0;1
3;1439;الجوف;4;2;2;4;1;1;2;2;0;4;2;0;1
4;1439;الجوف;9;0;1;8;0;4;4;1;0;7;2;0;1
5;1439;الجوف;5;0;2;3;1;0;2;2;0;2;3;0;1
6;1439;الجوف;9;2;1;10;2;4;3;0;2;9;2;0;1
7;1439;الجوف;6;1;3;4;2;1;3;0;1;7;0;0;1
8;1439;الجوف;8;2;3;7;3;3;2;0;2;6;4;0;1
9;1439;الجوف;6;3;2;7;4;3;0;2;0;9;0;0;1
10;1439;الجوف;7;5;0;12;3;6;1;2;0;10;2;0;1
11;1439;الجوف;10;0;1;9;1;6;1;1;1;8;2;0;1
12;1439;الجوف;4;2;1;5;1;2;0;1;2;5;1;0;1
1;1439;حائل;8;1;2;7;0;5;4;0;0;7;2;0;1
2;1439;حائل;18;2;9;11;2;11;3;3;1;18;2;0;1
3;1439;حائل;28;1;14;15;1;17;5;4;2;26;3;0;1
4;1439;حائل;12;1;5;8;3;5;3;2;0;11;2;0;1
5;1439;حائل;13;1;6;8;1;7;3;3;0;11;3;0;1
6;1439;حائل;8;1;3;6;0;3;4;2;0;7;2;0;1
7;1439;حائل;6;0;3;3;1;2;2;1;0;5;1;0;1
8;1439;حائل;27;1;19;9;2;12;8;4;2;25;3;0;1
9;1439;حائل;15;1;9;7;1;7;4;2;2;14;2;0;1
10;1439;حائل;22;1;12;11;0;7;12;4;0;14;9;0;1
11;1439;حائل;12;0;8;4;0;7;3;2;0;10;2;0;1
12;1439;حائل;11;3;6;8;3;4;3;3;1;12;2;0;1
1;1439;نجران;14;6;9;11;4;3;8;4;1;8;12;0;1
2;1439;نجران;13;0;6;7;1;6;4;1;1;8;5;0;1
3;1439;نجران;13;1;6;8;3;3;0;3;5;9;5;0;1
4;1439;نجران;13;2;5;10;3;5;5;1;1;10;5;0;1
5;1439;نجران;12;1;3;10;1;7;3;0;2;11;2;0;1
6;1439;نجران;6;0;1;5;1;1;1;0;3;1;5;0;1
7;1439;نجران;19;2;8;13;1;7;6;1;6;11;10;0;1
8;1439;نجران;9;0;1;8;0;1;4;1;3;5;4;0;1
9;1439;نجران;19;3;3;19;2;7;3;8;2;11;11;0;1
10;1439;نجران;13;1;5;9;4;3;2;3;2;11;3;0;1
11;1439;نجران;12;3;3;12;1;6;5;2;1;5;10;0;1
12;1439;نجران;13;1;6;8;3;3;0;3;5;7;7;0;1
1;1439;القصيم;24;0;16;8;0;11;10;2;1;13;11;0;1
2;1439;القصيم;18;1;11;8;2;9;3;3;2;14;5;0;1
3;1439;القصيم;14;2;14;2;2;3;4;2;5;10;6;0;1
4;1439;القصيم;24;3;19;8;4;7;11;3;2;15;12;0;1
5;1439;القصيم;26;1;18;9;1;9;7;4;6;18;9;0;1
6;1439;القصيم;11;1;11;1;1;5;4;1;1;8;4;0;1
7;1439;القصيم;23;0;10;13;2;8;12;1;0;14;9;0;1
8;1439;القصيم;11;1;5;7;2;2;6;1;1;7;5;0;1
9;1439;القصيم;22;0;14;8;3;9;7;2;1;9;13;0;1
10;1439;القصيم;15;2;10;7;2;4;5;2;4;10;7;0;1
11;1439;القصيم;12;0;8;4;0;6;6;0;0;7;5;0;1
12;1439;القصيم;13;1;9;5;3;6;2;2;1;9;5;0;1
1;1439;الباحه;16;1;10;7;1;7;3;4;2;14;3;0;1
2;1439;الباحه;7;0;6;1;4;1;0;1;1;7;0;0;1
3;1439;الباحه;8;0;4;4;2;3;1;1;1;6;2;0;1
4;1439;الباحه;6;0;3;3;2;1;1;0;2;6;0;0;1
5;1439;الباحه;14;0;14;0;1;7;6;0;0;5;9;0;1
6;1439;الباحه;6;1;5;2;0;4;1;1;1;7;0;0;1
7;1439;الباحه;11;3;10;4;1;4;4;1;4;13;1;0;1
8;1439;الباحه;2;3;2;3;1;2;1;0;1;4;1;0;1
9;1439;الباحه;6;0;2;4;1;2;2;1;0;4;2;0;1
10;1439;الباحه;7;3;6;4;1;3;3;0;3;7;3;0;1
11;1439;الباحه;9;1;3;7;1;2;0;1;6;10;0;0;1
12;1439;الباحه;6;1;2;5;0;3;0;1;3;6;1;0;1
1;1439;عسير;52;6;5;53;12;24;14;4;4;45;13;0;1
2;1439;عسير;54;5;4;55;13;21;16;2;7;38;21;0;1
3;1439;عسير;60;2;6;56;4;24;11;9;14;42;20;0;1
4;1439;عسير;47;6;6;47;9;13;11;7;13;46;7;0;1
5;1439;عسير;40;9;5;44;6;16;11;7;9;34;15;0;1
6;1439;عسير;48;5;6;47;8;15;12;6;12;42;11;0;1
7;1439;عسير;43;3;3;43;7;17;14;2;6;30;16;0;1
8;1439;عسير;69;3;5;67;10;34;18;2;8;61;11;0;1
9;1439;عسير;54;6;5;55;6;27;10;7;10;45;15;0;1
10;1439;عسير;66;8;6;68;13;31;16;6;8;53;21;0;1
11;1439;عسير;45;5;3;47;10;17;10;4;9;38;12;0;1
12;1439;عسير;54;6;1;59;6;27;13;5;9;44;16;0;1
1;1439;جازان;54;4;17;41;9;22;15;4;8;39;19;0;1
2;1439;جازان;48;7;13;42;11;15;15;6;8;37;18;0;1
3;1439;جازان;42;8;12;38;10;21;9;3;7;37;13;0;1
4;1439;جازان;56;9;2;63;14;32;3;7;9;45;20;0;1
5;1439;جازان;38;6;8;36;14;11;3;7;9;34;10;0;1
6;1439;جازان;38;2;14;26;6;12;13;3;6;31;9;0;1
7;1439;جازان;30;5;9;26;4;10;12;3;6;26;9;0;1
8;1439;جازان;34;3;12;25;5;15;10;2;5;29;8;0;1
9;1439;جازان;35;4;7;32;5;12;10;3;9;27;12;0;1
10;1439;جازان;3;40;4;39;13;12;8;6;4;34;9;0;1
11;1439;جازان;37;10;12;35;7;13;14;5;8;30;17;0;1
12;1439;جازان;49;1;6;44;8;15;16;6;5;34;16;0;1
1;1439;جده;27;4;22;9;3;8;7;6;7;12;19;0;1
2;1439;جده;27;5;12;20;3;11;8;6;4;18;14;0;1
3;1439;جده;26;0;16;10;3;8;7;5;3;9;17;0;1
4;1439;جده;29;2;15;16;1;12;10;7;1;18;13;0;1
5;1439;جده;16;1;13;4;3;4;3;3;4;8;9;0;1
6;1439;جده;26;0;14;12;2;8;5;7;4;12;14;0;1
7;1439;جده;20;7;17;10;3;9;5;6;4;11;16;0;1
8;1439;جده;36;5;28;13;4;14;12;6;5;15;26;0;1
9;1439;جده;29;3;19;13;3;12;7;6;4;8;24;0;1
10;1439;جده;28;4;21;11;1;12;10;5;4;11;21;0;1
11;1439;جده;20;2;10;12;0;9;6;4;3;13;9;0;1
12;1439;جده;18;2;9;11;0;10;5;3;2;7;13;0;1
1;1439;الطائف;9;19;3;25;2;7;6;8;5;21;7;0;1
2;1439;الطائف;28;0;5;23;2;7;8;7;4;14;14;0;1
3;1439;الطائف;36;1;6;31;8;12;8;4;5;24;13;0;1
4;1439;الطائف;29;6;8;27;7;6;7;7;8;21;14;0;1
5;1439;الطائف;26;2;3;25;5;7;7;4;5;20;8;0;1
6;1439;الطائف;30;3;11;22;6;8;8;6;5;24;9;0;1
7;1439;الطائف;31;3;11;23;5;7;10;9;3;29;5;0;1
8;1439;الطائف;24;9;6;27;6;8;12;6;1;24;9;0;1
9;1439;الطائف;32;7;6;33;5;9;12;10;3;28;11;0;1
10;1439;الطائف;11;6;5;12;2;4;5;3;3;13;4;0;1
11;1439;الطائف;9;2;4;7;1;2;5;1;2;8;3;0;1
12;1439;الطائف;26;6;11;21;2;12;13;4;1;26;6;0;1
1;1439;العاصمه;51;7;13;45;3;20;14;11;10;36;22;0;1
2;1439;العاصمه;57;4;11;50;7;13;12;17;12;38;23;0;1
3;1439;العاصمه;34;14;14;34;4;9;9;2;24;30;18;0;1
4;1439;العاصمه;38;8;11;35;2;11;8;5;20;34;12;0;1
5;1439;العاصمه;36;7;13;30;4;7;6;12;14;25;18;0;1
6;1439;العاصمه;40;9;14;35;3;9;7;7;23;34;15;0;1
7;1439;العاصمه;27;3;9;21;1;5;5;4;15;17;13;0;1
8;1439;العاصمه;24;10;14;20;4;5;4;3;18;15;19;0;1
9;1439;العاصمه;63;16;36;43;7;18;9;16;29;42;37;0;1
10;1439;العاصمه;49;11;32;28;5;10;17;9;19;35;25;0;1
11;1439;العاصمه;36;6;16;26;4;10;10;2;16;25;17;0;1
12;1439;العاصمه;48;11;25;34;3;8;7;10;31;31;28;0;1
1;1439;القريات;0;0;0;0;0;0;0;0;0;0;0;0;1
2;1439;القريات;12;1;3;10;3;6;3;1;0;12;1;0;1
3;1439;القريات;8;1;1;8;1;5;2;1;0;7;2;0;1
4;1439;القريات;2;0;1;1;0;1;0;0;1;2;0;0;1
5;1439;القريات;4;0;1;3;0;1;1;0;2;4;0;0;1
6;1439;القريات;0;0;0;0;0;0;0;0;0;0;0;0;1
7;1439;القريات;5;0;2;3;3;1;0;1;0;4;1;0;1
8;1439;القريات;0;0;0;0;0;0;0;0;0;0;0;0;1
9;1439;القريات;5;3;0;8;1;3;1;0;3;3;5;0;1
10;1439;القريات;1;1;0;2;1;0;1;0;0;2;0;0;1
11;1439;القريات;4;0;0;4;0;3;0;0;1;4;0;0;1
12;1439;القريات;6;2;0;8;2;2;1;2;1;7;1;0;1
1;1439;الرياض;364;29;291;102;66;97;126;73;31;213;180;1;0
2;1439;الرياض;387;46;276;157;44;117;145;79;48;271;162;1;0
3;1439;الرياض;361;94;284;171;115;124;108;89;19;278;177;1;0
4;1439;الرياض;378;49;295;132;132;119;103;51;22;238;189;1;0
5;1439;الرياض;311;47;262;96;61;111;89;52;45;207;151;1;0
6;1439;الرياض;321;58;264;115;105;102;66;80;26;238;141;1;0
7;1439;الرياض;345;38;250;133;104;94;102;59;24;231;152;1;0
8;1439;الرياض;350;43;273;120;58;98;122;84;31;236;157;1;0
9;1439;الرياض;306;29;245;90;50;121;89;45;30;164;171;1;0
10;1439;الرياض;330;54;235;149;79;149;100;30;26;256;128;1;0
11;1439;الرياض;263;50;231;82;69;60;79;62;43;161;152;1;0
12;1439;الرياض;263;38;188;113;48;72;63;84;34;163;138;1;0
1;1439;المدينه المنوره;155;21;79;97;15;36;47;41;37;96;80;1;0
2;1439;المدينه المنوره;165;22;85;102;22;40;42;47;36;88;99;1;0
3;1439;المدينه المنوره;201;26;82;145;41;47;46;52;41;111;116;1;0
4;1439;المدينه المنوره;151;41;62;130;25;38;50;42;37;105;87;1;0
5;1439;المدينه المنوره;179;29;114;94;35;39;55;41;38;97;111;1;0
6;1439;المدينه المنوره;218;41;109;150;50;69;52;49;39;135;124;1;0
7;1439;المدينه المنوره;215;37;111;141;31;57;63;59;42;140;112;1;0
8;1439;المدينه المنوره;157;33;79;111;29;61;39;42;19;107;83;1;0
9;1439;المدينه المنوره;236;79;85;230;62;68;74;50;61;119;196;1;0
10;1439;المدينه المنوره;180;53;94;139;44;56;63;39;31;86;147;1;0
11;1439;المدينه المنوره;156;42;65;133;39;63;49;32;15;83;115;1;0
12;1439;المدينه المنوره;191;38;75;154;41;68;56;37;27;111;118;1;0
1;1439;الشرقيه;134;84;142;76;26;58;65;43;26;120;98;1;0
2;1439;الشرقيه;195;79;186;88;31;83;69;53;38;129;145;1;0
3;1439;الشرقيه;179;92;158;113;29;87;76;48;31;155;116;1;0
4;1439;الشرقيه;205;89;186;108;37;98;75;46;38;176;118;1;0
5;1439;الشرقيه;182;56;162;76;29;71;65;38;35;153;85;1;0
6;1439;الشرقيه;181;48;168;61;28;68;61;42;30;161;68;1;0
7;1439;الشرقيه;215;52;216;51;31;79;68;49;40;188;79;1;0
8;1439;الشرقيه;223;53;134;142;26;74;86;62;28;185;91;1;0
9;1439;الشرقيه;176;42;122;96;21;68;57;48;24;132;86;1;0
10;1439;الشرقيه;172;52;108;116;11;68;55;59;31;138;86;1;0
11;1439;الشرقيه;168;44;84;128;19;65;53;51;24;127;85;1;0
12;1439;الشرقيه;179;69;98;150;31;79;57;52;29;143;105;1;0
1;1439;الحدود الشماليه;26;2;10;18;4;10;9;5;0;18;10;1;0
2;1439;الحدود الشماليه;33;9;18;24;4;27;7;2;2;36;6;1;0
3;1439;الحدود الشماليه;24;4;9;19;3;14;10;1;0;20;8;1;0
4;1439;الحدود الشماليه;35;7;16;26;11;16;10;3;2;32;10;1;0
5;1439;الحدود الشماليه;26;0;10;16;10;9;3;4;0;19;7;1;0
6;1439;الحدود الشماليه;30;2;15;17;7;11;10;3;1;23;9;1;0
7;1439;الحدود الشماليه;41;2;16;27;5;18;11;7;2;31;12;1;0
8;1439;الحدود الشماليه;29;1;16;14;6;9;11;2;2;24;6;1;0
9;1439;الحدود الشماليه;38;7;21;24;11;19;13;1;1;32;13;1;0
10;1439;الحدود الشماليه;40;7;22;25;10;13;15;5;4;37;10;1;0
11;1439;الحدود الشماليه;22;1;6;17;4;6;8;5;0;13;10;1;0
12;1439;الحدود الشماليه;32;10;11;31;14;11;9;8;0;19;23;1;0
1;1439;تبوك;85;6;40;51;7;51;28;4;1;66;25;1;0
2;1439;تبوك;73;3;28;48;4;34;22;9;7;57;19;1;0
3;1439;تبوك;115;14;44;85;22;54;31;12;10;107;22;1;0
4;1439;تبوك;63;4;20;47;7;27;18;7;8;52;15;1;0
5;1439;تبوك;77;15;22;70;12;24;36;9;11;68;24;1;0
6;1439;تبوك;76;8;14;70;11;31;29;8;5;56;28;1;0
7;1439;تبوك;52;5;14;43;10;29;11;4;3;45;12;1;0
8;1439;تبوك;73;4;26;51;9;35;15;8;10;64;13;1;0
9;1439;تبوك;67;15;12;70;16;29;17;9;11;56;26;1;0
10;1439;تبوك;62;11;18;55;6;14;30;13;10;58;15;1;0
11;1439;تبوك;49;13;12;50;7;13;16;12;14;41;21;1;0
12;1439;تبوك;79;8;25;62;8;19;23;21;16;62;25;1;0
1;1439;الجوف;30;4;8;26;7;11;11;4;1;24;10;1;0
2;1439;الجوف;30;6;12;24;9;11;12;4;0;32;4;1;0
3;1439;الجوف;20;5;19;6;7;8;9;0;1;15;10;1;0
4;1439;الجوف;18;2;5;15;6;8;4;2;0;18;2;1;0
5;1439;الجوف;18;2;6;14;0;10;6;4;0;14;6;1;0
6;1439;الجوف;20;3;4;19;4;7;9;3;0;19;4;1;0
7;1439;الجوف;17;4;4;17;2;4;8;7;0;12;9;1;0
8;1439;الجوف;25;2;10;17;7;9;5;6;0;17;10;1;0
9;1439;الجوف;25;1;3;23;3;10;13;0;0;16;10;1;0
10;1439;الجوف;21;5;3;23;6;9;5;5;1;20;6;1;0
11;1439;الجوف;16;3;5;14;4;10;4;1;0;18;1;1;0
12;1439;الجوف;26;11;11;26;4;10;10;11;2;25;12;1;0
1;1439;حائل;22;25;22;25;16;8;7;10;6;28;19;1;0
2;1439;حائل;49;7;28;28;8;14;13;17;4;49;7;1;0
3;1439;حائل;54;6;33;27;13;26;8;9;4;54;6;1;0
4;1439;حائل;76;3;28;51;18;29;11;18;3;72;7;1;0
5;1439;حائل;11;42;34;19;2;9;19;21;2;46;7;1;0
6;1439;حائل;60;3;54;9;2;21;25;10;5;55;8;1;0
7;1439;حائل;74;9;62;21;2;35;34;9;3;71;12;1;0
8;1439;حائل;112;14;113;13;7;59;31;19;10;115;11;1;0
9;1439;حائل;90;8;54;44;3;38;28;18;11;92;6;1;0
10;1439;حائل;115;8;57;66;21;75;12;9;6;102;21;1;0
11;1439;حائل;58;4;43;19;2;26;21;9;4;55;7;1;0
12;1439;حائل;51;11;35;27;7;18;15;13;9;53;9;1;0
1;1439;نجران;61;14;20;55;19;15;21;13;7;31;44;1;0
2;1439;نجران;49;6;5;50;13;11;15;12;4;33;22;1;0
3;1439;نجران;38;4;15;27;12;8;11;9;2;29;13;1;0
4;1439;نجران;66;2;18;50;13;21;24;9;1;41;27;1;0
5;1439;نجران;41;5;12;34;8;11;14;7;6;37;9;1;0
6;1439;نجران;62;7;20;49;17;13;19;11;9;26;43;1;0
7;1439;نجران;67;12;24;55;19;16;21;12;11;34;45;1;0
8;1439;نجران;43;5;16;32;14;9;13;10;2;29;19;1;0
9;1439;نجران;38;6;11;33;13;8;11;9;3;27;17;1;0
10;1439;نجران;34;3;10;27;11;9;6;8;3;25;12;1;0
11;1439;نجران;38;4;15;27;3;18;11;8;2;29;13;1;0
12;1439;نجران;41;8;12;37;3;21;8;10;7;31;18;1;0
1;1439;القصيم;138;15;86;67;11;56;50;22;14;100;53;1;0
2;1439;القصيم;76;13;62;27;14;26;32;10;7;50;39;1;0
3;1439;القصيم;76;28;98;6;20;25;28;15;16;60;44;1;0
4;1439;القصيم;92;13;76;29;5;25;36;29;10;60;45;1;0
5;1439;القصيم;73;12;59;26;2;25;35;12;11;50;35;1;0
6;1439;القصيم;73;12;63;22;4;25;35;11;10;50;35;1;0
7;1439;القصيم;98;28;108;18;4;34;55;19;14;90;36;1;0
8;1439;القصيم;94;14;70;38;21;33;39;7;8;65;43;1;0
9;1439;القصيم;76;25;66;35;12;35;30;15;9;66;35;1;0
10;1439;القصيم;91;30;56;65;18;11;35;38;19;50;71;1;0
11;1439;القصيم;95;19;85;29;15;24;33;27;15;55;59;1;0
12;1439;القصيم;69;9;56;22;15;20;25;10;8;55;23;1;0
1;1439;الباحه;62;16;37;41;19;27;21;5;6;67;11;1;0
2;1439;الباحه;64;3;36;31;25;21;15;3;3;53;14;1;0
3;1439;الباحه;52;15;22;45;14;28;14;6;5;59;8;1;0
4;1439;الباحه;64;3;36;31;8;37;16;2;4;57;10;1;0
5;1439;الباحه;96;10;30;76;19;57;20;8;2;82;24;1;0
6;1439;الباحه;64;3;22;45;14;27;17;5;4;56;11;1;0
7;1439;الباحه;62;20;46;36;22;32;19;5;4;76;6;1;0
8;1439;الباحه;69;4;36;37;10;30;28;4;1;49;24;1;0
9;1439;الباحه;80;4;42;42;4;42;23;8;7;59;25;1;0
10;1439;الباحه;80;9;45;44;19;43;16;5;6;75;14;1;0
11;1439;الباحه;67;11;50;28;21;40;13;4;0;73;5;1;0
12;1439;الباحه;56;21;29;48;17;33;17;7;3;62;15;1;0
1;1439;عسير;186;41;26;201;54;103;37;15;18;186;41;1;0
2;1439;عسير;203;37;28;212;81;81;46;12;20;192;48;1;0
3;1439;عسير;147;16;26;137;25;84;23;17;14;120;43;1;0
4;1439;عسير;134;17;19;132;36;53;39;11;12;124;27;1;0
5;1439;عسير;166;43;17;192;62;75;32;19;21;172;37;1;0
6;1439;عسير;128;34;16;146;33;56;36;14;23;125;37;1;0
7;1439;عسير;178;15;16;177;47;82;35;15;14;167;26;1;0
8;1439;عسير;132;17;9;140;38;55;34;8;14;131;18;1;0
9;1439;عسير;128;15;8;135;33;57;31;11;11;111;32;1;0
10;1439;عسير;187;29;17;199;45;85;63;12;11;146;70;1;0
11;1439;عسير;130;26;31;125;38;70;27;14;7;133;23;1;0
12;1439;عسير;139;44;0;183;49;74;33;18;9;140;43;1;0
1;1439;جازان;205;40;97;148;15;88;57;48;37;181;64;1;0
2;1439;جازان;174;36;76;134;16;81;46;29;38;42;168;1;0
3;1439;جازان;133;68;39;162;21;79;41;27;33;160;41;1;0
4;1439;جازان;126;54;50;130;12;80;48;21;19;146;34;1;0
5;1439;جازان;99;36;48;87;12;47;36;21;19;104;31;1;0
6;1439;جازان;118;19;60;77;14;45;31;27;20;106;31;1;0
7;1439;جازان;122;16;61;77;12;43;29;30;24;112;26;1;0
8;1439;جازان;149;24;62;111;14;34;52;42;31;128;45;1;0
9;1439;جازان;165;37;57;145;21;66;47;46;22;153;49;1;0
10;1439;جازان;137;26;42;121;14;42;37;51;19;123;40;1;0
11;1439;جازان;151;33;42;142;23;42;65;39;15;132;52;1;0
12;1439;جازان;125;19;28;116;20;40;46;26;12;93;51;1;0
1;1439;جده;194;17;152;59;14;59;62;49;27;117;94;1;0
2;1439;جده;191;15;156;50;11;61;54;39;41;114;92;1;0
3;1439;جده;254;19;210;63;21;92;71;41;48;129;144;1;0
4;1439;جده;207;21;168;60;16;79;61;36;36;116;112;1;0
5;1439;جده;185;14;159;40;12;74;61;29;23;107;92;1;0
6;1439;جده;219;22;184;57;18;86;75;33;29;129;112;1;0
7;1439;جده;181;38;151;68;15;76;61;29;38;112;107;1;0
8;1439;جده;257;41;212;86;22;89;88;55;44;138;160;1;0
9;1439;جده;285;52;271;66;25;103;92;62;55;196;141;1;0
10;1439;جده;211;49;218;42;15;89;74;48;34;132;128;1;0
11;1439;جده;200;39;176;63;17;74;55;54;39;138;101;1;0
12;1439;جده;220;34;175;79;15;96;61;44;38;156;98;1;0
1;1439;الطائف;198;72;99;171;10;86;56;85;33;218;52;1;0
2;1439;الطائف;254;36;85;205;16;61;71;112;30;210;80;1;0
3;1439;الطائف;304;61;85;280;51;114;96;74;30;302;63;1;0
4;1439;الطائف;254;32;93;193;22;64;86;91;23;220;66;1;0
5;1439;الطائف;201;46;87;160;35;80;68;45;19;142;105;1;0
6;1439;الطائف;230;41;180;91;33;74;94;45;25;184;87;1;0
7;1439;الطائف;254;25;146;133;36;85;98;29;31;187;92;1;0
8;1439;الطائف;269;31;141;159;31;73;111;54;31;206;94;1;0
9;1439;الطائف;305;78;169;214;29;112;136;56;50;284;99;1;0
10;1439;الطائف;268;41;202;107;33;95;110;56;15;266;43;1;0
11;1439;الطائف;244;45;192;97;35;55;94;64;41;255;34;1;0
12;1439;الطائف;226;51;159;118;14;75;98;75;15;247;30;1;0
1;1439;العاصمه;189;46;94;141;31;81;68;33;22;164;71;1;0
2;1439;العاصمه;180;44;98;126;28;96;48;34;18;152;72;1;0
3;1439;العاصمه;234;69;143;160;41;79;96;55;32;206;97;1;0
4;1439;العاصمه;209;50;108;151;29;74;58;54;44;179;80;1;0
5;1439;العاصمه;219;37;108;148;37;72;55;57;35;160;96;1;0
6;1439;العاصمه;180;41;92;129;25;62;67;42;25;147;74;1;0
7;1439;العاصمه;308;67;178;197;63;107;94;69;42;255;120;1;0
8;1439;العاصمه;211;54;205;60;56;65;53;53;38;192;73;1;0
9;1439;العاصمه;304;87;137;254;36;102;97;88;68;232;159;1;0
10;1439;العاصمه;219;61;100;180;31;72;80;64;33;175;105;1;0
11;1439;العاصمه;213;40;156;97;28;66;67;42;50;184;69;1;0
12;1439;العاصمه;282;56;189;149;50;83;98;72;35;215;123;1;0
1;1439;القريات;24;3;11;16;2;8;7;7;3;17;10;1;0
2;1439;القريات;32;8;21;19;9;22;7;0;2;36;4;1;0
3;1439;القريات;23;7;13;17;4;16;6;2;2;28;2;1;0
4;1439;القريات;22;1;9;14;3;14;3;0;3;20;3;1;0
5;1439;القريات;23;0;8;15;3;9;9;0;2;19;4;1;0
6;1439;القريات;14;0;7;7;11;2;0;0;1;14;0;1;0
7;1439;القريات;28;1;15;14;7;19;2;0;1;27;2;1;0
8;1439;القريات;21;1;15;7;10;5;5;2;0;19;3;1;0
9;1439;القريات;30;9;8;31;16;6;13;2;2;27;12;1;0
10;1439;القريات;15;1;6;10;1;8;5;1;1;16;0;1;0
11;1439;القريات;19;0;8;11;1;16;1;1;0;17;2;1;0
12;1439;القريات;20;2;13;9;6;6;5;2;3;16;6;1;0
;;;;;;;;;;;;;;;
